"follower_range","playlist_count","avg_tracks_per_playlist"
"0-99","999178","66.3315084999869893"
"100-999","646","83.8761609907120743"
"1000+","176","86.7045454545454545"
